identifier_0,identifier_1,sentence_0,sentence_1,dexms_0,dexms_1,score
org.eclipse.californium.core.CoapClient,org.eclipse.californium.core.CoapClient,The Class CLASS_1.,The Class CLASS_1.,client,client,1.0
org.eclipse.californium.core.CoapClient,,The Class CLASS_1.,,client,client,0.030500009655952454
org.eclipse.californium.core.CoapClient,,The Class CLASS_1.,,client,client,0.030500009655952454
org.eclipse.californium.core.CoapClient,org.eclipse.paho.client.mqttv3.MqttClient,The Class CLASS_1.,Lightweight client for talking to an PROTOCOL_1 server using methods that block until an operation completes.,client,client,0.22572992742061615
org.eclipse.californium.core.CoapClient,org.eclipse.paho.client.mqttv3.MqttClient,The Class CLASS_1.,Lightweight client for talking to an PROTOCOL_1 server using methods that block until an operation completes.,client,client,0.22572992742061615
org.eclipse.californium.core.CoapClient,org.restlet.Client,The Class CLASS_1.,Connector acting as a generic client. It internally uses one of the available connector helpers registered with the Restlet engine.,client,client,0.11613543331623077
org.eclipse.californium.core.CoapClient,,The Class CLASS_1.,,client,client,0.030500009655952454
org.eclipse.californium.core.CoapClient,org.java_websocket.client.WebSocketClient,The Class CLASS_1.,"The CLASS_1 is an abstract class that expects a valid ""ws://"" URI to connect to.",client,client,0.5662533044815063
org.eclipse.californium.core.CoapClient,org.eclipse.californium.core.CoapServer,The Class CLASS_1.,An execution environment for PROTOCOL_1 Resources.,client,server,0.3030174970626831
org.eclipse.californium.core.CoapClient,org.eclipse.californium.core.CoapServer,The Class CLASS_1.,An execution environment for PROTOCOL_1 Resources.,client,server,0.3030174970626831
org.eclipse.californium.core.CoapClient,,The Class CLASS_1.,,client,server,0.030500009655952454
org.eclipse.californium.core.CoapClient,org.eclipse.jetty.server.Server,The Class CLASS_1.,,client,server,0.030500009655952454
org.eclipse.californium.core.CoapClient,,The Class CLASS_1.,,client,server,0.030500009655952454
org.eclipse.californium.core.CoapClient,,The Class CLASS_1.,,client,server,0.030500009655952454
org.eclipse.californium.core.CoapClient,org.restlet.Server,The Class CLASS_1.,Connector acting as a generic server. It internally uses one of the available connector helpers registered with the Restlet engine.,client,server,0.11541763693094254
org.eclipse.californium.core.CoapClient,,The Class CLASS_1.,,client,server,0.030500009655952454
org.eclipse.californium.core.CoapClient,org.java_websocket.server.WebSocketServer,The Class CLASS_1.,CLASS_1 is an abstract class that only takes care of the PROTOCOL_1 handshake portion of PROTOCOL_2.,client,server,0.6354528665542603
org.eclipse.californium.core.CoapClient,org.eclipse.californium.core.coap.Request,The Class CLASS_1.,"Request represents a PROTOCOL_1 request and has either the CLASS_1 CON or NON and one of the CLASS_2 GET, POST, PUT or DELETE.",client,send,0.3835716247558594
org.eclipse.californium.core.CoapClient,org.eclipse.californium.core.coap.Request,The Class CLASS_1.,"Request represents a PROTOCOL_1 request and has either the CLASS_1 CON or NON and one of the CLASS_2 GET, POST, PUT or DELETE.",client,send,0.3835716247558594
org.eclipse.californium.core.CoapClient,,The Class CLASS_1.,,client,send,0.030500009655952454
org.eclipse.californium.core.CoapClient,org.apache.http.client.methods.HttpPost,The Class CLASS_1.,PROTOCOL_1 POST method.,client,send,0.3042609691619873
org.eclipse.californium.core.CoapClient,org.eclipse.paho.client.mqttv3.MqttMessage,The Class CLASS_1.,"An PROTOCOL_1 message holds the application payload and options specifying how the message is to be delivered The message includes a ""payload"" (the body of the message) represented as a CLASS_1.",client,send,0.4620676636695862
org.eclipse.californium.core.CoapClient,org.eclipse.paho.client.mqttv3.MqttMessage,The Class CLASS_1.,"An PROTOCOL_1 message holds the application payload and options specifying how the message is to be delivered The message includes a ""payload"" (the body of the message) represented as a CLASS_1.",client,send,0.4620676636695862
org.eclipse.californium.core.CoapClient,,The Class CLASS_1.,,client,send,0.030500009655952454
org.eclipse.californium.core.CoapClient,javax.xml.soap.SOAPMessage,The Class CLASS_1.,"The root class for all PROTOCOL_1 messages. As transmitted on the ""wire"", a PROTOCOL_1 message is an XML document or a MIME message whose first body part is an XML/PROTOCOL_1 document.",client,send,0.42511415481567383
org.eclipse.californium.core.CoapClient,,The Class CLASS_1.,,client,send,0.030500009655952454
org.eclipse.californium.core.CoapClient,,The Class CLASS_1.,,client,client,0.030500009655952454
org.eclipse.californium.core.CoapClient,,The Class CLASS_1.,,client,client,0.030500009655952454
org.eclipse.californium.core.CoapClient,org.eclipse.paho.client.mqttv3.MqttClient,The Class CLASS_1.,Lightweight client for talking to an PROTOCOL_1 server using methods that block until an operation completes.,client,client,0.22572992742061615
org.eclipse.californium.core.CoapClient,org.eclipse.paho.client.mqttv3.MqttClient,The Class CLASS_1.,Lightweight client for talking to an PROTOCOL_1 server using methods that block until an operation completes.,client,client,0.22572992742061615
org.eclipse.californium.core.CoapClient,org.restlet.Client,The Class CLASS_1.,Connector acting as a generic client. It internally uses one of the available connector helpers registered with the Restlet engine.,client,client,0.11613543331623077
org.eclipse.californium.core.CoapClient,,The Class CLASS_1.,,client,client,0.030500009655952454
org.eclipse.californium.core.CoapClient,org.java_websocket.client.WebSocketClient,The Class CLASS_1.,"The CLASS_1 is an abstract class that expects a valid ""ws://"" URI to connect to.",client,client,0.5662533044815063
org.eclipse.californium.core.CoapClient,org.eclipse.californium.core.CoapServer,The Class CLASS_1.,An execution environment for PROTOCOL_1 Resources.,client,server,0.3030174970626831
org.eclipse.californium.core.CoapClient,org.eclipse.californium.core.CoapServer,The Class CLASS_1.,An execution environment for PROTOCOL_1 Resources.,client,server,0.3030174970626831
org.eclipse.californium.core.CoapClient,,The Class CLASS_1.,,client,server,0.030500009655952454
org.eclipse.californium.core.CoapClient,org.eclipse.jetty.server.Server,The Class CLASS_1.,,client,server,0.030500009655952454
org.eclipse.californium.core.CoapClient,,The Class CLASS_1.,,client,server,0.030500009655952454
org.eclipse.californium.core.CoapClient,,The Class CLASS_1.,,client,server,0.030500009655952454
org.eclipse.californium.core.CoapClient,org.restlet.Server,The Class CLASS_1.,Connector acting as a generic server. It internally uses one of the available connector helpers registered with the Restlet engine.,client,server,0.11541763693094254
org.eclipse.californium.core.CoapClient,,The Class CLASS_1.,,client,server,0.030500009655952454
org.eclipse.californium.core.CoapClient,org.java_websocket.server.WebSocketServer,The Class CLASS_1.,CLASS_1 is an abstract class that only takes care of the PROTOCOL_1 handshake portion of PROTOCOL_2.,client,server,0.6354528665542603
org.eclipse.californium.core.CoapClient,org.eclipse.californium.core.coap.Request,The Class CLASS_1.,"Request represents a PROTOCOL_1 request and has either the CLASS_1 CON or NON and one of the CLASS_2 GET, POST, PUT or DELETE.",client,send,0.3835716247558594
org.eclipse.californium.core.CoapClient,org.eclipse.californium.core.coap.Request,The Class CLASS_1.,"Request represents a PROTOCOL_1 request and has either the CLASS_1 CON or NON and one of the CLASS_2 GET, POST, PUT or DELETE.",client,send,0.3835716247558594
org.eclipse.californium.core.CoapClient,,The Class CLASS_1.,,client,send,0.030500009655952454
org.eclipse.californium.core.CoapClient,org.apache.http.client.methods.HttpPost,The Class CLASS_1.,PROTOCOL_1 POST method.,client,send,0.3042609691619873
org.eclipse.californium.core.CoapClient,org.eclipse.paho.client.mqttv3.MqttMessage,The Class CLASS_1.,"An PROTOCOL_1 message holds the application payload and options specifying how the message is to be delivered The message includes a ""payload"" (the body of the message) represented as a CLASS_1.",client,send,0.4620676636695862
org.eclipse.californium.core.CoapClient,org.eclipse.paho.client.mqttv3.MqttMessage,The Class CLASS_1.,"An PROTOCOL_1 message holds the application payload and options specifying how the message is to be delivered The message includes a ""payload"" (the body of the message) represented as a CLASS_1.",client,send,0.4620676636695862
org.eclipse.californium.core.CoapClient,,The Class CLASS_1.,,client,send,0.030500009655952454
org.eclipse.californium.core.CoapClient,javax.xml.soap.SOAPMessage,The Class CLASS_1.,"The root class for all PROTOCOL_1 messages. As transmitted on the ""wire"", a PROTOCOL_1 message is an XML document or a MIME message whose first body part is an XML/PROTOCOL_1 document.",client,send,0.42511415481567383
org.eclipse.californium.core.CoapClient,,The Class CLASS_1.,,client,send,0.030500009655952454
,,,,client,client,0.9999998807907104
,org.eclipse.paho.client.mqttv3.MqttClient,,Lightweight client for talking to an PROTOCOL_1 server using methods that block until an operation completes.,client,client,0.043537408113479614
,org.eclipse.paho.client.mqttv3.MqttClient,,Lightweight client for talking to an PROTOCOL_1 server using methods that block until an operation completes.,client,client,0.043537408113479614
,org.restlet.Client,,Connector acting as a generic client. It internally uses one of the available connector helpers registered with the Restlet engine.,client,client,0.02780207060277462
,,,,client,client,0.9999998807907104
,org.java_websocket.client.WebSocketClient,,"The CLASS_1 is an abstract class that expects a valid ""ws://"" URI to connect to.",client,client,-0.004560280591249466
,org.eclipse.californium.core.CoapServer,,An execution environment for PROTOCOL_1 Resources.,client,server,0.018018968403339386
,org.eclipse.californium.core.CoapServer,,An execution environment for PROTOCOL_1 Resources.,client,server,0.018018968403339386
,,,,client,server,0.9999998807907104
,org.eclipse.jetty.server.Server,,,client,server,0.9999998807907104
,,,,client,server,0.9999998807907104
,,,,client,server,0.9999998807907104
,org.restlet.Server,,Connector acting as a generic server. It internally uses one of the available connector helpers registered with the Restlet engine.,client,server,0.01090940274298191
,,,,client,server,0.9999998807907104
,org.java_websocket.server.WebSocketServer,,CLASS_1 is an abstract class that only takes care of the PROTOCOL_1 handshake portion of PROTOCOL_2.,client,server,-0.04337155073881149
,org.eclipse.californium.core.coap.Request,,"Request represents a PROTOCOL_1 request and has either the CLASS_1 CON or NON and one of the CLASS_2 GET, POST, PUT or DELETE.",client,send,0.024206817150115967
,org.eclipse.californium.core.coap.Request,,"Request represents a PROTOCOL_1 request and has either the CLASS_1 CON or NON and one of the CLASS_2 GET, POST, PUT or DELETE.",client,send,0.024206817150115967
,,,,client,send,0.9999998807907104
,org.apache.http.client.methods.HttpPost,,PROTOCOL_1 POST method.,client,send,0.05501485988497734
,org.eclipse.paho.client.mqttv3.MqttMessage,,"An PROTOCOL_1 message holds the application payload and options specifying how the message is to be delivered The message includes a ""payload"" (the body of the message) represented as a CLASS_1.",client,send,0.030594345182180405
,org.eclipse.paho.client.mqttv3.MqttMessage,,"An PROTOCOL_1 message holds the application payload and options specifying how the message is to be delivered The message includes a ""payload"" (the body of the message) represented as a CLASS_1.",client,send,0.030594345182180405
,,,,client,send,0.9999998807907104
,javax.xml.soap.SOAPMessage,,"The root class for all PROTOCOL_1 messages. As transmitted on the ""wire"", a PROTOCOL_1 message is an XML document or a MIME message whose first body part is an XML/PROTOCOL_1 document.",client,send,0.03253006190061569
,,,,client,send,0.9999998807907104
,org.eclipse.paho.client.mqttv3.MqttClient,,Lightweight client for talking to an PROTOCOL_1 server using methods that block until an operation completes.,client,client,0.043537408113479614
,org.eclipse.paho.client.mqttv3.MqttClient,,Lightweight client for talking to an PROTOCOL_1 server using methods that block until an operation completes.,client,client,0.043537408113479614
,org.restlet.Client,,Connector acting as a generic client. It internally uses one of the available connector helpers registered with the Restlet engine.,client,client,0.02780207060277462
,,,,client,client,0.9999998807907104
,org.java_websocket.client.WebSocketClient,,"The CLASS_1 is an abstract class that expects a valid ""ws://"" URI to connect to.",client,client,-0.004560280591249466
,org.eclipse.californium.core.CoapServer,,An execution environment for PROTOCOL_1 Resources.,client,server,0.018018968403339386
,org.eclipse.californium.core.CoapServer,,An execution environment for PROTOCOL_1 Resources.,client,server,0.018018968403339386
,,,,client,server,0.9999998807907104
,org.eclipse.jetty.server.Server,,,client,server,0.9999998807907104
,,,,client,server,0.9999998807907104
,,,,client,server,0.9999998807907104
,org.restlet.Server,,Connector acting as a generic server. It internally uses one of the available connector helpers registered with the Restlet engine.,client,server,0.01090940274298191
,,,,client,server,0.9999998807907104
,org.java_websocket.server.WebSocketServer,,CLASS_1 is an abstract class that only takes care of the PROTOCOL_1 handshake portion of PROTOCOL_2.,client,server,-0.04337155073881149
,org.eclipse.californium.core.coap.Request,,"Request represents a PROTOCOL_1 request and has either the CLASS_1 CON or NON and one of the CLASS_2 GET, POST, PUT or DELETE.",client,send,0.024206817150115967
,org.eclipse.californium.core.coap.Request,,"Request represents a PROTOCOL_1 request and has either the CLASS_1 CON or NON and one of the CLASS_2 GET, POST, PUT or DELETE.",client,send,0.024206817150115967
,,,,client,send,0.9999998807907104
,org.apache.http.client.methods.HttpPost,,PROTOCOL_1 POST method.,client,send,0.05501485988497734
,org.eclipse.paho.client.mqttv3.MqttMessage,,"An PROTOCOL_1 message holds the application payload and options specifying how the message is to be delivered The message includes a ""payload"" (the body of the message) represented as a CLASS_1.",client,send,0.030594345182180405
,org.eclipse.paho.client.mqttv3.MqttMessage,,"An PROTOCOL_1 message holds the application payload and options specifying how the message is to be delivered The message includes a ""payload"" (the body of the message) represented as a CLASS_1.",client,send,0.030594345182180405
,,,,client,send,0.9999998807907104
,javax.xml.soap.SOAPMessage,,"The root class for all PROTOCOL_1 messages. As transmitted on the ""wire"", a PROTOCOL_1 message is an XML document or a MIME message whose first body part is an XML/PROTOCOL_1 document.",client,send,0.03253006190061569
,,,,client,send,0.9999998807907104
org.eclipse.paho.client.mqttv3.MqttClient,org.eclipse.paho.client.mqttv3.MqttClient,Lightweight client for talking to an PROTOCOL_1 server using methods that block until an operation completes.,Lightweight client for talking to an PROTOCOL_1 server using methods that block until an operation completes.,client,client,1.000000238418579
org.eclipse.paho.client.mqttv3.MqttClient,org.restlet.Client,Lightweight client for talking to an PROTOCOL_1 server using methods that block until an operation completes.,Connector acting as a generic client. It internally uses one of the available connector helpers registered with the Restlet engine.,client,client,0.24272370338439941
org.eclipse.paho.client.mqttv3.MqttClient,,Lightweight client for talking to an PROTOCOL_1 server using methods that block until an operation completes.,,client,client,0.043537408113479614
org.eclipse.paho.client.mqttv3.MqttClient,org.java_websocket.client.WebSocketClient,Lightweight client for talking to an PROTOCOL_1 server using methods that block until an operation completes.,"The CLASS_1 is an abstract class that expects a valid ""ws://"" URI to connect to.",client,client,0.2783621549606323
org.eclipse.paho.client.mqttv3.MqttClient,org.eclipse.californium.core.CoapServer,Lightweight client for talking to an PROTOCOL_1 server using methods that block until an operation completes.,An execution environment for PROTOCOL_1 Resources.,client,server,0.6368469595909119
org.eclipse.paho.client.mqttv3.MqttClient,org.eclipse.californium.core.CoapServer,Lightweight client for talking to an PROTOCOL_1 server using methods that block until an operation completes.,An execution environment for PROTOCOL_1 Resources.,client,server,0.6368469595909119
org.eclipse.paho.client.mqttv3.MqttClient,,Lightweight client for talking to an PROTOCOL_1 server using methods that block until an operation completes.,,client,server,0.043537408113479614
org.eclipse.paho.client.mqttv3.MqttClient,org.eclipse.jetty.server.Server,Lightweight client for talking to an PROTOCOL_1 server using methods that block until an operation completes.,,client,server,0.043537408113479614
org.eclipse.paho.client.mqttv3.MqttClient,,Lightweight client for talking to an PROTOCOL_1 server using methods that block until an operation completes.,,client,server,0.043537408113479614
org.eclipse.paho.client.mqttv3.MqttClient,,Lightweight client for talking to an PROTOCOL_1 server using methods that block until an operation completes.,,client,server,0.043537408113479614
org.eclipse.paho.client.mqttv3.MqttClient,org.restlet.Server,Lightweight client for talking to an PROTOCOL_1 server using methods that block until an operation completes.,Connector acting as a generic server. It internally uses one of the available connector helpers registered with the Restlet engine.,client,server,0.227149099111557
org.eclipse.paho.client.mqttv3.MqttClient,,Lightweight client for talking to an PROTOCOL_1 server using methods that block until an operation completes.,,client,server,0.043537408113479614
org.eclipse.paho.client.mqttv3.MqttClient,org.java_websocket.server.WebSocketServer,Lightweight client for talking to an PROTOCOL_1 server using methods that block until an operation completes.,CLASS_1 is an abstract class that only takes care of the PROTOCOL_1 handshake portion of PROTOCOL_2.,client,server,0.48090624809265137
org.eclipse.paho.client.mqttv3.MqttClient,org.eclipse.californium.core.coap.Request,Lightweight client for talking to an PROTOCOL_1 server using methods that block until an operation completes.,"Request represents a PROTOCOL_1 request and has either the CLASS_1 CON or NON and one of the CLASS_2 GET, POST, PUT or DELETE.",client,send,0.4293370246887207
org.eclipse.paho.client.mqttv3.MqttClient,org.eclipse.californium.core.coap.Request,Lightweight client for talking to an PROTOCOL_1 server using methods that block until an operation completes.,"Request represents a PROTOCOL_1 request and has either the CLASS_1 CON or NON and one of the CLASS_2 GET, POST, PUT or DELETE.",client,send,0.4293370246887207
org.eclipse.paho.client.mqttv3.MqttClient,,Lightweight client for talking to an PROTOCOL_1 server using methods that block until an operation completes.,,client,send,0.043537408113479614
org.eclipse.paho.client.mqttv3.MqttClient,org.apache.http.client.methods.HttpPost,Lightweight client for talking to an PROTOCOL_1 server using methods that block until an operation completes.,PROTOCOL_1 POST method.,client,send,0.5616745948791504
org.eclipse.paho.client.mqttv3.MqttClient,org.eclipse.paho.client.mqttv3.MqttMessage,Lightweight client for talking to an PROTOCOL_1 server using methods that block until an operation completes.,"An PROTOCOL_1 message holds the application payload and options specifying how the message is to be delivered The message includes a ""payload"" (the body of the message) represented as a CLASS_1.",client,send,0.5027185082435608
org.eclipse.paho.client.mqttv3.MqttClient,org.eclipse.paho.client.mqttv3.MqttMessage,Lightweight client for talking to an PROTOCOL_1 server using methods that block until an operation completes.,"An PROTOCOL_1 message holds the application payload and options specifying how the message is to be delivered The message includes a ""payload"" (the body of the message) represented as a CLASS_1.",client,send,0.5027185082435608
org.eclipse.paho.client.mqttv3.MqttClient,,Lightweight client for talking to an PROTOCOL_1 server using methods that block until an operation completes.,,client,send,0.043537408113479614
org.eclipse.paho.client.mqttv3.MqttClient,javax.xml.soap.SOAPMessage,Lightweight client for talking to an PROTOCOL_1 server using methods that block until an operation completes.,"The root class for all PROTOCOL_1 messages. As transmitted on the ""wire"", a PROTOCOL_1 message is an XML document or a MIME message whose first body part is an XML/PROTOCOL_1 document.",client,send,0.4648543894290924
org.eclipse.paho.client.mqttv3.MqttClient,,Lightweight client for talking to an PROTOCOL_1 server using methods that block until an operation completes.,,client,send,0.043537408113479614
org.eclipse.paho.client.mqttv3.MqttClient,org.restlet.Client,Lightweight client for talking to an PROTOCOL_1 server using methods that block until an operation completes.,Connector acting as a generic client. It internally uses one of the available connector helpers registered with the Restlet engine.,client,client,0.24272370338439941
org.eclipse.paho.client.mqttv3.MqttClient,,Lightweight client for talking to an PROTOCOL_1 server using methods that block until an operation completes.,,client,client,0.043537408113479614
org.eclipse.paho.client.mqttv3.MqttClient,org.java_websocket.client.WebSocketClient,Lightweight client for talking to an PROTOCOL_1 server using methods that block until an operation completes.,"The CLASS_1 is an abstract class that expects a valid ""ws://"" URI to connect to.",client,client,0.2783621549606323
org.eclipse.paho.client.mqttv3.MqttClient,org.eclipse.californium.core.CoapServer,Lightweight client for talking to an PROTOCOL_1 server using methods that block until an operation completes.,An execution environment for PROTOCOL_1 Resources.,client,server,0.6368469595909119
org.eclipse.paho.client.mqttv3.MqttClient,org.eclipse.californium.core.CoapServer,Lightweight client for talking to an PROTOCOL_1 server using methods that block until an operation completes.,An execution environment for PROTOCOL_1 Resources.,client,server,0.6368469595909119
org.eclipse.paho.client.mqttv3.MqttClient,,Lightweight client for talking to an PROTOCOL_1 server using methods that block until an operation completes.,,client,server,0.043537408113479614
org.eclipse.paho.client.mqttv3.MqttClient,org.eclipse.jetty.server.Server,Lightweight client for talking to an PROTOCOL_1 server using methods that block until an operation completes.,,client,server,0.043537408113479614
org.eclipse.paho.client.mqttv3.MqttClient,,Lightweight client for talking to an PROTOCOL_1 server using methods that block until an operation completes.,,client,server,0.043537408113479614
org.eclipse.paho.client.mqttv3.MqttClient,,Lightweight client for talking to an PROTOCOL_1 server using methods that block until an operation completes.,,client,server,0.043537408113479614
org.eclipse.paho.client.mqttv3.MqttClient,org.restlet.Server,Lightweight client for talking to an PROTOCOL_1 server using methods that block until an operation completes.,Connector acting as a generic server. It internally uses one of the available connector helpers registered with the Restlet engine.,client,server,0.227149099111557
org.eclipse.paho.client.mqttv3.MqttClient,,Lightweight client for talking to an PROTOCOL_1 server using methods that block until an operation completes.,,client,server,0.043537408113479614
org.eclipse.paho.client.mqttv3.MqttClient,org.java_websocket.server.WebSocketServer,Lightweight client for talking to an PROTOCOL_1 server using methods that block until an operation completes.,CLASS_1 is an abstract class that only takes care of the PROTOCOL_1 handshake portion of PROTOCOL_2.,client,server,0.48090624809265137
org.eclipse.paho.client.mqttv3.MqttClient,org.eclipse.californium.core.coap.Request,Lightweight client for talking to an PROTOCOL_1 server using methods that block until an operation completes.,"Request represents a PROTOCOL_1 request and has either the CLASS_1 CON or NON and one of the CLASS_2 GET, POST, PUT or DELETE.",client,send,0.4293370246887207
org.eclipse.paho.client.mqttv3.MqttClient,org.eclipse.californium.core.coap.Request,Lightweight client for talking to an PROTOCOL_1 server using methods that block until an operation completes.,"Request represents a PROTOCOL_1 request and has either the CLASS_1 CON or NON and one of the CLASS_2 GET, POST, PUT or DELETE.",client,send,0.4293370246887207
org.eclipse.paho.client.mqttv3.MqttClient,,Lightweight client for talking to an PROTOCOL_1 server using methods that block until an operation completes.,,client,send,0.043537408113479614
org.eclipse.paho.client.mqttv3.MqttClient,org.apache.http.client.methods.HttpPost,Lightweight client for talking to an PROTOCOL_1 server using methods that block until an operation completes.,PROTOCOL_1 POST method.,client,send,0.5616745948791504
org.eclipse.paho.client.mqttv3.MqttClient,org.eclipse.paho.client.mqttv3.MqttMessage,Lightweight client for talking to an PROTOCOL_1 server using methods that block until an operation completes.,"An PROTOCOL_1 message holds the application payload and options specifying how the message is to be delivered The message includes a ""payload"" (the body of the message) represented as a CLASS_1.",client,send,0.5027185082435608
org.eclipse.paho.client.mqttv3.MqttClient,org.eclipse.paho.client.mqttv3.MqttMessage,Lightweight client for talking to an PROTOCOL_1 server using methods that block until an operation completes.,"An PROTOCOL_1 message holds the application payload and options specifying how the message is to be delivered The message includes a ""payload"" (the body of the message) represented as a CLASS_1.",client,send,0.5027185082435608
org.eclipse.paho.client.mqttv3.MqttClient,,Lightweight client for talking to an PROTOCOL_1 server using methods that block until an operation completes.,,client,send,0.043537408113479614
org.eclipse.paho.client.mqttv3.MqttClient,javax.xml.soap.SOAPMessage,Lightweight client for talking to an PROTOCOL_1 server using methods that block until an operation completes.,"The root class for all PROTOCOL_1 messages. As transmitted on the ""wire"", a PROTOCOL_1 message is an XML document or a MIME message whose first body part is an XML/PROTOCOL_1 document.",client,send,0.4648543894290924
org.eclipse.paho.client.mqttv3.MqttClient,,Lightweight client for talking to an PROTOCOL_1 server using methods that block until an operation completes.,,client,send,0.043537408113479614
org.restlet.Client,,Connector acting as a generic client. It internally uses one of the available connector helpers registered with the Restlet engine.,,client,client,0.02780207060277462
org.restlet.Client,org.java_websocket.client.WebSocketClient,Connector acting as a generic client. It internally uses one of the available connector helpers registered with the Restlet engine.,"The CLASS_1 is an abstract class that expects a valid ""ws://"" URI to connect to.",client,client,0.27786797285079956
org.restlet.Client,org.eclipse.californium.core.CoapServer,Connector acting as a generic client. It internally uses one of the available connector helpers registered with the Restlet engine.,An execution environment for PROTOCOL_1 Resources.,client,server,0.22649624943733215
org.restlet.Client,org.eclipse.californium.core.CoapServer,Connector acting as a generic client. It internally uses one of the available connector helpers registered with the Restlet engine.,An execution environment for PROTOCOL_1 Resources.,client,server,0.22649624943733215
org.restlet.Client,,Connector acting as a generic client. It internally uses one of the available connector helpers registered with the Restlet engine.,,client,server,0.02780207060277462
org.restlet.Client,org.eclipse.jetty.server.Server,Connector acting as a generic client. It internally uses one of the available connector helpers registered with the Restlet engine.,,client,server,0.02780207060277462
org.restlet.Client,,Connector acting as a generic client. It internally uses one of the available connector helpers registered with the Restlet engine.,,client,server,0.02780207060277462
org.restlet.Client,,Connector acting as a generic client. It internally uses one of the available connector helpers registered with the Restlet engine.,,client,server,0.02780207060277462
org.restlet.Client,org.restlet.Server,Connector acting as a generic client. It internally uses one of the available connector helpers registered with the Restlet engine.,Connector acting as a generic server. It internally uses one of the available connector helpers registered with the Restlet engine.,client,server,0.9560449123382568
org.restlet.Client,,Connector acting as a generic client. It internally uses one of the available connector helpers registered with the Restlet engine.,,client,server,0.02780207060277462
org.restlet.Client,org.java_websocket.server.WebSocketServer,Connector acting as a generic client. It internally uses one of the available connector helpers registered with the Restlet engine.,CLASS_1 is an abstract class that only takes care of the PROTOCOL_1 handshake portion of PROTOCOL_2.,client,server,0.1678052842617035
org.restlet.Client,org.eclipse.californium.core.coap.Request,Connector acting as a generic client. It internally uses one of the available connector helpers registered with the Restlet engine.,"Request represents a PROTOCOL_1 request and has either the CLASS_1 CON or NON and one of the CLASS_2 GET, POST, PUT or DELETE.",client,send,0.29150405526161194
org.restlet.Client,org.eclipse.californium.core.coap.Request,Connector acting as a generic client. It internally uses one of the available connector helpers registered with the Restlet engine.,"Request represents a PROTOCOL_1 request and has either the CLASS_1 CON or NON and one of the CLASS_2 GET, POST, PUT or DELETE.",client,send,0.29150405526161194
org.restlet.Client,,Connector acting as a generic client. It internally uses one of the available connector helpers registered with the Restlet engine.,,client,send,0.02780207060277462
org.restlet.Client,org.apache.http.client.methods.HttpPost,Connector acting as a generic client. It internally uses one of the available connector helpers registered with the Restlet engine.,PROTOCOL_1 POST method.,client,send,0.23295405507087708
org.restlet.Client,org.eclipse.paho.client.mqttv3.MqttMessage,Connector acting as a generic client. It internally uses one of the available connector helpers registered with the Restlet engine.,"An PROTOCOL_1 message holds the application payload and options specifying how the message is to be delivered The message includes a ""payload"" (the body of the message) represented as a CLASS_1.",client,send,0.31204545497894287
org.restlet.Client,org.eclipse.paho.client.mqttv3.MqttMessage,Connector acting as a generic client. It internally uses one of the available connector helpers registered with the Restlet engine.,"An PROTOCOL_1 message holds the application payload and options specifying how the message is to be delivered The message includes a ""payload"" (the body of the message) represented as a CLASS_1.",client,send,0.31204545497894287
org.restlet.Client,,Connector acting as a generic client. It internally uses one of the available connector helpers registered with the Restlet engine.,,client,send,0.02780207060277462
org.restlet.Client,javax.xml.soap.SOAPMessage,Connector acting as a generic client. It internally uses one of the available connector helpers registered with the Restlet engine.,"The root class for all PROTOCOL_1 messages. As transmitted on the ""wire"", a PROTOCOL_1 message is an XML document or a MIME message whose first body part is an XML/PROTOCOL_1 document.",client,send,0.34180164337158203
org.restlet.Client,,Connector acting as a generic client. It internally uses one of the available connector helpers registered with the Restlet engine.,,client,send,0.02780207060277462
,org.java_websocket.client.WebSocketClient,,"The CLASS_1 is an abstract class that expects a valid ""ws://"" URI to connect to.",client,client,-0.004560280591249466
,org.eclipse.californium.core.CoapServer,,An execution environment for PROTOCOL_1 Resources.,client,server,0.018018968403339386
,org.eclipse.californium.core.CoapServer,,An execution environment for PROTOCOL_1 Resources.,client,server,0.018018968403339386
,,,,client,server,0.9999998807907104
,org.eclipse.jetty.server.Server,,,client,server,0.9999998807907104
,,,,client,server,0.9999998807907104
,,,,client,server,0.9999998807907104
,org.restlet.Server,,Connector acting as a generic server. It internally uses one of the available connector helpers registered with the Restlet engine.,client,server,0.01090940274298191
,,,,client,server,0.9999998807907104
,org.java_websocket.server.WebSocketServer,,CLASS_1 is an abstract class that only takes care of the PROTOCOL_1 handshake portion of PROTOCOL_2.,client,server,-0.04337155073881149
,org.eclipse.californium.core.coap.Request,,"Request represents a PROTOCOL_1 request and has either the CLASS_1 CON or NON and one of the CLASS_2 GET, POST, PUT or DELETE.",client,send,0.024206817150115967
,org.eclipse.californium.core.coap.Request,,"Request represents a PROTOCOL_1 request and has either the CLASS_1 CON or NON and one of the CLASS_2 GET, POST, PUT or DELETE.",client,send,0.024206817150115967
,,,,client,send,0.9999998807907104
,org.apache.http.client.methods.HttpPost,,PROTOCOL_1 POST method.,client,send,0.05501485988497734
,org.eclipse.paho.client.mqttv3.MqttMessage,,"An PROTOCOL_1 message holds the application payload and options specifying how the message is to be delivered The message includes a ""payload"" (the body of the message) represented as a CLASS_1.",client,send,0.030594345182180405
,org.eclipse.paho.client.mqttv3.MqttMessage,,"An PROTOCOL_1 message holds the application payload and options specifying how the message is to be delivered The message includes a ""payload"" (the body of the message) represented as a CLASS_1.",client,send,0.030594345182180405
,,,,client,send,0.9999998807907104
,javax.xml.soap.SOAPMessage,,"The root class for all PROTOCOL_1 messages. As transmitted on the ""wire"", a PROTOCOL_1 message is an XML document or a MIME message whose first body part is an XML/PROTOCOL_1 document.",client,send,0.03253006190061569
,,,,client,send,0.9999998807907104
org.java_websocket.client.WebSocketClient,org.eclipse.californium.core.CoapServer,"The CLASS_1 is an abstract class that expects a valid ""ws://"" URI to connect to.",An execution environment for PROTOCOL_1 Resources.,client,server,0.37033140659332275
org.java_websocket.client.WebSocketClient,org.eclipse.californium.core.CoapServer,"The CLASS_1 is an abstract class that expects a valid ""ws://"" URI to connect to.",An execution environment for PROTOCOL_1 Resources.,client,server,0.37033140659332275
org.java_websocket.client.WebSocketClient,,"The CLASS_1 is an abstract class that expects a valid ""ws://"" URI to connect to.",,client,server,-0.004560280591249466
org.java_websocket.client.WebSocketClient,org.eclipse.jetty.server.Server,"The CLASS_1 is an abstract class that expects a valid ""ws://"" URI to connect to.",,client,server,-0.004560280591249466
org.java_websocket.client.WebSocketClient,,"The CLASS_1 is an abstract class that expects a valid ""ws://"" URI to connect to.",,client,server,-0.004560280591249466
org.java_websocket.client.WebSocketClient,,"The CLASS_1 is an abstract class that expects a valid ""ws://"" URI to connect to.",,client,server,-0.004560280591249466
org.java_websocket.client.WebSocketClient,org.restlet.Server,"The CLASS_1 is an abstract class that expects a valid ""ws://"" URI to connect to.",Connector acting as a generic server. It internally uses one of the available connector helpers registered with the Restlet engine.,client,server,0.29089754819869995
org.java_websocket.client.WebSocketClient,,"The CLASS_1 is an abstract class that expects a valid ""ws://"" URI to connect to.",,client,server,-0.004560280591249466
org.java_websocket.client.WebSocketClient,org.java_websocket.server.WebSocketServer,"The CLASS_1 is an abstract class that expects a valid ""ws://"" URI to connect to.",CLASS_1 is an abstract class that only takes care of the PROTOCOL_1 handshake portion of PROTOCOL_2.,client,server,0.622962474822998
org.java_websocket.client.WebSocketClient,org.eclipse.californium.core.coap.Request,"The CLASS_1 is an abstract class that expects a valid ""ws://"" URI to connect to.","Request represents a PROTOCOL_1 request and has either the CLASS_1 CON or NON and one of the CLASS_2 GET, POST, PUT or DELETE.",client,send,0.5193238258361816
org.java_websocket.client.WebSocketClient,org.eclipse.californium.core.coap.Request,"The CLASS_1 is an abstract class that expects a valid ""ws://"" URI to connect to.","Request represents a PROTOCOL_1 request and has either the CLASS_1 CON or NON and one of the CLASS_2 GET, POST, PUT or DELETE.",client,send,0.5193238258361816
org.java_websocket.client.WebSocketClient,,"The CLASS_1 is an abstract class that expects a valid ""ws://"" URI to connect to.",,client,send,-0.004560280591249466
org.java_websocket.client.WebSocketClient,org.apache.http.client.methods.HttpPost,"The CLASS_1 is an abstract class that expects a valid ""ws://"" URI to connect to.",PROTOCOL_1 POST method.,client,send,0.3972902297973633
org.java_websocket.client.WebSocketClient,org.eclipse.paho.client.mqttv3.MqttMessage,"The CLASS_1 is an abstract class that expects a valid ""ws://"" URI to connect to.","An PROTOCOL_1 message holds the application payload and options specifying how the message is to be delivered The message includes a ""payload"" (the body of the message) represented as a CLASS_1.",client,send,0.494623601436615
org.java_websocket.client.WebSocketClient,org.eclipse.paho.client.mqttv3.MqttMessage,"The CLASS_1 is an abstract class that expects a valid ""ws://"" URI to connect to.","An PROTOCOL_1 message holds the application payload and options specifying how the message is to be delivered The message includes a ""payload"" (the body of the message) represented as a CLASS_1.",client,send,0.494623601436615
org.java_websocket.client.WebSocketClient,,"The CLASS_1 is an abstract class that expects a valid ""ws://"" URI to connect to.",,client,send,-0.004560280591249466
org.java_websocket.client.WebSocketClient,javax.xml.soap.SOAPMessage,"The CLASS_1 is an abstract class that expects a valid ""ws://"" URI to connect to.","The root class for all PROTOCOL_1 messages. As transmitted on the ""wire"", a PROTOCOL_1 message is an XML document or a MIME message whose first body part is an XML/PROTOCOL_1 document.",client,send,0.4824427366256714
org.java_websocket.client.WebSocketClient,,"The CLASS_1 is an abstract class that expects a valid ""ws://"" URI to connect to.",,client,send,-0.004560280591249466
org.eclipse.californium.core.CoapServer,org.eclipse.californium.core.CoapServer,An execution environment for PROTOCOL_1 Resources.,An execution environment for PROTOCOL_1 Resources.,server,server,0.9999998807907104
org.eclipse.californium.core.CoapServer,,An execution environment for PROTOCOL_1 Resources.,,server,server,0.018018968403339386
org.eclipse.californium.core.CoapServer,org.eclipse.jetty.server.Server,An execution environment for PROTOCOL_1 Resources.,,server,server,0.018018968403339386
org.eclipse.californium.core.CoapServer,,An execution environment for PROTOCOL_1 Resources.,,server,server,0.018018968403339386
org.eclipse.californium.core.CoapServer,,An execution environment for PROTOCOL_1 Resources.,,server,server,0.018018968403339386
org.eclipse.californium.core.CoapServer,org.restlet.Server,An execution environment for PROTOCOL_1 Resources.,Connector acting as a generic server. It internally uses one of the available connector helpers registered with the Restlet engine.,server,server,0.24410231411457062
org.eclipse.californium.core.CoapServer,,An execution environment for PROTOCOL_1 Resources.,,server,server,0.018018968403339386
org.eclipse.californium.core.CoapServer,org.java_websocket.server.WebSocketServer,An execution environment for PROTOCOL_1 Resources.,CLASS_1 is an abstract class that only takes care of the PROTOCOL_1 handshake portion of PROTOCOL_2.,server,server,0.5523643493652344
org.eclipse.californium.core.CoapServer,org.eclipse.californium.core.coap.Request,An execution environment for PROTOCOL_1 Resources.,"Request represents a PROTOCOL_1 request and has either the CLASS_1 CON or NON and one of the CLASS_2 GET, POST, PUT or DELETE.",server,send,0.549963116645813
org.eclipse.californium.core.CoapServer,org.eclipse.californium.core.coap.Request,An execution environment for PROTOCOL_1 Resources.,"Request represents a PROTOCOL_1 request and has either the CLASS_1 CON or NON and one of the CLASS_2 GET, POST, PUT or DELETE.",server,send,0.549963116645813
org.eclipse.californium.core.CoapServer,,An execution environment for PROTOCOL_1 Resources.,,server,send,0.018018968403339386
org.eclipse.californium.core.CoapServer,org.apache.http.client.methods.HttpPost,An execution environment for PROTOCOL_1 Resources.,PROTOCOL_1 POST method.,server,send,0.5940117835998535
org.eclipse.californium.core.CoapServer,org.eclipse.paho.client.mqttv3.MqttMessage,An execution environment for PROTOCOL_1 Resources.,"An PROTOCOL_1 message holds the application payload and options specifying how the message is to be delivered The message includes a ""payload"" (the body of the message) represented as a CLASS_1.",server,send,0.6105759143829346
org.eclipse.californium.core.CoapServer,org.eclipse.paho.client.mqttv3.MqttMessage,An execution environment for PROTOCOL_1 Resources.,"An PROTOCOL_1 message holds the application payload and options specifying how the message is to be delivered The message includes a ""payload"" (the body of the message) represented as a CLASS_1.",server,send,0.6105759143829346
org.eclipse.californium.core.CoapServer,,An execution environment for PROTOCOL_1 Resources.,,server,send,0.018018968403339386
org.eclipse.californium.core.CoapServer,javax.xml.soap.SOAPMessage,An execution environment for PROTOCOL_1 Resources.,"The root class for all PROTOCOL_1 messages. As transmitted on the ""wire"", a PROTOCOL_1 message is an XML document or a MIME message whose first body part is an XML/PROTOCOL_1 document.",server,send,0.5515109300613403
org.eclipse.californium.core.CoapServer,,An execution environment for PROTOCOL_1 Resources.,,server,send,0.018018968403339386
org.eclipse.californium.core.CoapServer,,An execution environment for PROTOCOL_1 Resources.,,server,server,0.018018968403339386
org.eclipse.californium.core.CoapServer,org.eclipse.jetty.server.Server,An execution environment for PROTOCOL_1 Resources.,,server,server,0.018018968403339386
org.eclipse.californium.core.CoapServer,,An execution environment for PROTOCOL_1 Resources.,,server,server,0.018018968403339386
org.eclipse.californium.core.CoapServer,,An execution environment for PROTOCOL_1 Resources.,,server,server,0.018018968403339386
org.eclipse.californium.core.CoapServer,org.restlet.Server,An execution environment for PROTOCOL_1 Resources.,Connector acting as a generic server. It internally uses one of the available connector helpers registered with the Restlet engine.,server,server,0.24410231411457062
org.eclipse.californium.core.CoapServer,,An execution environment for PROTOCOL_1 Resources.,,server,server,0.018018968403339386
org.eclipse.californium.core.CoapServer,org.java_websocket.server.WebSocketServer,An execution environment for PROTOCOL_1 Resources.,CLASS_1 is an abstract class that only takes care of the PROTOCOL_1 handshake portion of PROTOCOL_2.,server,server,0.5523643493652344
org.eclipse.californium.core.CoapServer,org.eclipse.californium.core.coap.Request,An execution environment for PROTOCOL_1 Resources.,"Request represents a PROTOCOL_1 request and has either the CLASS_1 CON or NON and one of the CLASS_2 GET, POST, PUT or DELETE.",server,send,0.549963116645813
org.eclipse.californium.core.CoapServer,org.eclipse.californium.core.coap.Request,An execution environment for PROTOCOL_1 Resources.,"Request represents a PROTOCOL_1 request and has either the CLASS_1 CON or NON and one of the CLASS_2 GET, POST, PUT or DELETE.",server,send,0.549963116645813
org.eclipse.californium.core.CoapServer,,An execution environment for PROTOCOL_1 Resources.,,server,send,0.018018968403339386
org.eclipse.californium.core.CoapServer,org.apache.http.client.methods.HttpPost,An execution environment for PROTOCOL_1 Resources.,PROTOCOL_1 POST method.,server,send,0.5940117835998535
org.eclipse.californium.core.CoapServer,org.eclipse.paho.client.mqttv3.MqttMessage,An execution environment for PROTOCOL_1 Resources.,"An PROTOCOL_1 message holds the application payload and options specifying how the message is to be delivered The message includes a ""payload"" (the body of the message) represented as a CLASS_1.",server,send,0.6105759143829346
org.eclipse.californium.core.CoapServer,org.eclipse.paho.client.mqttv3.MqttMessage,An execution environment for PROTOCOL_1 Resources.,"An PROTOCOL_1 message holds the application payload and options specifying how the message is to be delivered The message includes a ""payload"" (the body of the message) represented as a CLASS_1.",server,send,0.6105759143829346
org.eclipse.californium.core.CoapServer,,An execution environment for PROTOCOL_1 Resources.,,server,send,0.018018968403339386
org.eclipse.californium.core.CoapServer,javax.xml.soap.SOAPMessage,An execution environment for PROTOCOL_1 Resources.,"The root class for all PROTOCOL_1 messages. As transmitted on the ""wire"", a PROTOCOL_1 message is an XML document or a MIME message whose first body part is an XML/PROTOCOL_1 document.",server,send,0.5515109300613403
org.eclipse.californium.core.CoapServer,,An execution environment for PROTOCOL_1 Resources.,,server,send,0.018018968403339386
,org.eclipse.jetty.server.Server,,,server,server,0.9999998807907104
,,,,server,server,0.9999998807907104
,,,,server,server,0.9999998807907104
,org.restlet.Server,,Connector acting as a generic server. It internally uses one of the available connector helpers registered with the Restlet engine.,server,server,0.01090940274298191
,,,,server,server,0.9999998807907104
,org.java_websocket.server.WebSocketServer,,CLASS_1 is an abstract class that only takes care of the PROTOCOL_1 handshake portion of PROTOCOL_2.,server,server,-0.04337155073881149
,org.eclipse.californium.core.coap.Request,,"Request represents a PROTOCOL_1 request and has either the CLASS_1 CON or NON and one of the CLASS_2 GET, POST, PUT or DELETE.",server,send,0.024206817150115967
,org.eclipse.californium.core.coap.Request,,"Request represents a PROTOCOL_1 request and has either the CLASS_1 CON or NON and one of the CLASS_2 GET, POST, PUT or DELETE.",server,send,0.024206817150115967
,,,,server,send,0.9999998807907104
,org.apache.http.client.methods.HttpPost,,PROTOCOL_1 POST method.,server,send,0.05501485988497734
,org.eclipse.paho.client.mqttv3.MqttMessage,,"An PROTOCOL_1 message holds the application payload and options specifying how the message is to be delivered The message includes a ""payload"" (the body of the message) represented as a CLASS_1.",server,send,0.030594345182180405
,org.eclipse.paho.client.mqttv3.MqttMessage,,"An PROTOCOL_1 message holds the application payload and options specifying how the message is to be delivered The message includes a ""payload"" (the body of the message) represented as a CLASS_1.",server,send,0.030594345182180405
,,,,server,send,0.9999998807907104
,javax.xml.soap.SOAPMessage,,"The root class for all PROTOCOL_1 messages. As transmitted on the ""wire"", a PROTOCOL_1 message is an XML document or a MIME message whose first body part is an XML/PROTOCOL_1 document.",server,send,0.03253006190061569
,,,,server,send,0.9999998807907104
org.eclipse.jetty.server.Server,,,,server,server,0.9999998807907104
org.eclipse.jetty.server.Server,,,,server,server,0.9999998807907104
org.eclipse.jetty.server.Server,org.restlet.Server,,Connector acting as a generic server. It internally uses one of the available connector helpers registered with the Restlet engine.,server,server,0.01090940274298191
org.eclipse.jetty.server.Server,,,,server,server,0.9999998807907104
org.eclipse.jetty.server.Server,org.java_websocket.server.WebSocketServer,,CLASS_1 is an abstract class that only takes care of the PROTOCOL_1 handshake portion of PROTOCOL_2.,server,server,-0.04337155073881149
org.eclipse.jetty.server.Server,org.eclipse.californium.core.coap.Request,,"Request represents a PROTOCOL_1 request and has either the CLASS_1 CON or NON and one of the CLASS_2 GET, POST, PUT or DELETE.",server,send,0.024206817150115967
org.eclipse.jetty.server.Server,org.eclipse.californium.core.coap.Request,,"Request represents a PROTOCOL_1 request and has either the CLASS_1 CON or NON and one of the CLASS_2 GET, POST, PUT or DELETE.",server,send,0.024206817150115967
org.eclipse.jetty.server.Server,,,,server,send,0.9999998807907104
org.eclipse.jetty.server.Server,org.apache.http.client.methods.HttpPost,,PROTOCOL_1 POST method.,server,send,0.05501485988497734
org.eclipse.jetty.server.Server,org.eclipse.paho.client.mqttv3.MqttMessage,,"An PROTOCOL_1 message holds the application payload and options specifying how the message is to be delivered The message includes a ""payload"" (the body of the message) represented as a CLASS_1.",server,send,0.030594345182180405
org.eclipse.jetty.server.Server,org.eclipse.paho.client.mqttv3.MqttMessage,,"An PROTOCOL_1 message holds the application payload and options specifying how the message is to be delivered The message includes a ""payload"" (the body of the message) represented as a CLASS_1.",server,send,0.030594345182180405
org.eclipse.jetty.server.Server,,,,server,send,0.9999998807907104
org.eclipse.jetty.server.Server,javax.xml.soap.SOAPMessage,,"The root class for all PROTOCOL_1 messages. As transmitted on the ""wire"", a PROTOCOL_1 message is an XML document or a MIME message whose first body part is an XML/PROTOCOL_1 document.",server,send,0.03253006190061569
org.eclipse.jetty.server.Server,,,,server,send,0.9999998807907104
,,,,server,server,0.9999998807907104
,org.restlet.Server,,Connector acting as a generic server. It internally uses one of the available connector helpers registered with the Restlet engine.,server,server,0.01090940274298191
,,,,server,server,0.9999998807907104
,org.java_websocket.server.WebSocketServer,,CLASS_1 is an abstract class that only takes care of the PROTOCOL_1 handshake portion of PROTOCOL_2.,server,server,-0.04337155073881149
,org.eclipse.californium.core.coap.Request,,"Request represents a PROTOCOL_1 request and has either the CLASS_1 CON or NON and one of the CLASS_2 GET, POST, PUT or DELETE.",server,send,0.024206817150115967
,org.eclipse.californium.core.coap.Request,,"Request represents a PROTOCOL_1 request and has either the CLASS_1 CON or NON and one of the CLASS_2 GET, POST, PUT or DELETE.",server,send,0.024206817150115967
,,,,server,send,0.9999998807907104
,org.apache.http.client.methods.HttpPost,,PROTOCOL_1 POST method.,server,send,0.05501485988497734
,org.eclipse.paho.client.mqttv3.MqttMessage,,"An PROTOCOL_1 message holds the application payload and options specifying how the message is to be delivered The message includes a ""payload"" (the body of the message) represented as a CLASS_1.",server,send,0.030594345182180405
,org.eclipse.paho.client.mqttv3.MqttMessage,,"An PROTOCOL_1 message holds the application payload and options specifying how the message is to be delivered The message includes a ""payload"" (the body of the message) represented as a CLASS_1.",server,send,0.030594345182180405
,,,,server,send,0.9999998807907104
,javax.xml.soap.SOAPMessage,,"The root class for all PROTOCOL_1 messages. As transmitted on the ""wire"", a PROTOCOL_1 message is an XML document or a MIME message whose first body part is an XML/PROTOCOL_1 document.",server,send,0.03253006190061569
,,,,server,send,0.9999998807907104
,org.restlet.Server,,Connector acting as a generic server. It internally uses one of the available connector helpers registered with the Restlet engine.,server,server,0.01090940274298191
,,,,server,server,0.9999998807907104
,org.java_websocket.server.WebSocketServer,,CLASS_1 is an abstract class that only takes care of the PROTOCOL_1 handshake portion of PROTOCOL_2.,server,server,-0.04337155073881149
,org.eclipse.californium.core.coap.Request,,"Request represents a PROTOCOL_1 request and has either the CLASS_1 CON or NON and one of the CLASS_2 GET, POST, PUT or DELETE.",server,send,0.024206817150115967
,org.eclipse.californium.core.coap.Request,,"Request represents a PROTOCOL_1 request and has either the CLASS_1 CON or NON and one of the CLASS_2 GET, POST, PUT or DELETE.",server,send,0.024206817150115967
,,,,server,send,0.9999998807907104
,org.apache.http.client.methods.HttpPost,,PROTOCOL_1 POST method.,server,send,0.05501485988497734
,org.eclipse.paho.client.mqttv3.MqttMessage,,"An PROTOCOL_1 message holds the application payload and options specifying how the message is to be delivered The message includes a ""payload"" (the body of the message) represented as a CLASS_1.",server,send,0.030594345182180405
,org.eclipse.paho.client.mqttv3.MqttMessage,,"An PROTOCOL_1 message holds the application payload and options specifying how the message is to be delivered The message includes a ""payload"" (the body of the message) represented as a CLASS_1.",server,send,0.030594345182180405
,,,,server,send,0.9999998807907104
,javax.xml.soap.SOAPMessage,,"The root class for all PROTOCOL_1 messages. As transmitted on the ""wire"", a PROTOCOL_1 message is an XML document or a MIME message whose first body part is an XML/PROTOCOL_1 document.",server,send,0.03253006190061569
,,,,server,send,0.9999998807907104
org.restlet.Server,,Connector acting as a generic server. It internally uses one of the available connector helpers registered with the Restlet engine.,,server,server,0.01090940274298191
org.restlet.Server,org.java_websocket.server.WebSocketServer,Connector acting as a generic server. It internally uses one of the available connector helpers registered with the Restlet engine.,CLASS_1 is an abstract class that only takes care of the PROTOCOL_1 handshake portion of PROTOCOL_2.,server,server,0.15810498595237732
org.restlet.Server,org.eclipse.californium.core.coap.Request,Connector acting as a generic server. It internally uses one of the available connector helpers registered with the Restlet engine.,"Request represents a PROTOCOL_1 request and has either the CLASS_1 CON or NON and one of the CLASS_2 GET, POST, PUT or DELETE.",server,send,0.29237449169158936
org.restlet.Server,org.eclipse.californium.core.coap.Request,Connector acting as a generic server. It internally uses one of the available connector helpers registered with the Restlet engine.,"Request represents a PROTOCOL_1 request and has either the CLASS_1 CON or NON and one of the CLASS_2 GET, POST, PUT or DELETE.",server,send,0.29237449169158936
org.restlet.Server,,Connector acting as a generic server. It internally uses one of the available connector helpers registered with the Restlet engine.,,server,send,0.01090940274298191
org.restlet.Server,org.apache.http.client.methods.HttpPost,Connector acting as a generic server. It internally uses one of the available connector helpers registered with the Restlet engine.,PROTOCOL_1 POST method.,server,send,0.22230009734630585
org.restlet.Server,org.eclipse.paho.client.mqttv3.MqttMessage,Connector acting as a generic server. It internally uses one of the available connector helpers registered with the Restlet engine.,"An PROTOCOL_1 message holds the application payload and options specifying how the message is to be delivered The message includes a ""payload"" (the body of the message) represented as a CLASS_1.",server,send,0.2889319062232971
org.restlet.Server,org.eclipse.paho.client.mqttv3.MqttMessage,Connector acting as a generic server. It internally uses one of the available connector helpers registered with the Restlet engine.,"An PROTOCOL_1 message holds the application payload and options specifying how the message is to be delivered The message includes a ""payload"" (the body of the message) represented as a CLASS_1.",server,send,0.2889319062232971
org.restlet.Server,,Connector acting as a generic server. It internally uses one of the available connector helpers registered with the Restlet engine.,,server,send,0.01090940274298191
org.restlet.Server,javax.xml.soap.SOAPMessage,Connector acting as a generic server. It internally uses one of the available connector helpers registered with the Restlet engine.,"The root class for all PROTOCOL_1 messages. As transmitted on the ""wire"", a PROTOCOL_1 message is an XML document or a MIME message whose first body part is an XML/PROTOCOL_1 document.",server,send,0.32911360263824463
org.restlet.Server,,Connector acting as a generic server. It internally uses one of the available connector helpers registered with the Restlet engine.,,server,send,0.01090940274298191
,org.java_websocket.server.WebSocketServer,,CLASS_1 is an abstract class that only takes care of the PROTOCOL_1 handshake portion of PROTOCOL_2.,server,server,-0.04337155073881149
,org.eclipse.californium.core.coap.Request,,"Request represents a PROTOCOL_1 request and has either the CLASS_1 CON or NON and one of the CLASS_2 GET, POST, PUT or DELETE.",server,send,0.024206817150115967
,org.eclipse.californium.core.coap.Request,,"Request represents a PROTOCOL_1 request and has either the CLASS_1 CON or NON and one of the CLASS_2 GET, POST, PUT or DELETE.",server,send,0.024206817150115967
,,,,server,send,0.9999998807907104
,org.apache.http.client.methods.HttpPost,,PROTOCOL_1 POST method.,server,send,0.05501485988497734
,org.eclipse.paho.client.mqttv3.MqttMessage,,"An PROTOCOL_1 message holds the application payload and options specifying how the message is to be delivered The message includes a ""payload"" (the body of the message) represented as a CLASS_1.",server,send,0.030594345182180405
,org.eclipse.paho.client.mqttv3.MqttMessage,,"An PROTOCOL_1 message holds the application payload and options specifying how the message is to be delivered The message includes a ""payload"" (the body of the message) represented as a CLASS_1.",server,send,0.030594345182180405
,,,,server,send,0.9999998807907104
,javax.xml.soap.SOAPMessage,,"The root class for all PROTOCOL_1 messages. As transmitted on the ""wire"", a PROTOCOL_1 message is an XML document or a MIME message whose first body part is an XML/PROTOCOL_1 document.",server,send,0.03253006190061569
,,,,server,send,0.9999998807907104
org.java_websocket.server.WebSocketServer,org.eclipse.californium.core.coap.Request,CLASS_1 is an abstract class that only takes care of the PROTOCOL_1 handshake portion of PROTOCOL_2.,"Request represents a PROTOCOL_1 request and has either the CLASS_1 CON or NON and one of the CLASS_2 GET, POST, PUT or DELETE.",server,send,0.6386263370513916
org.java_websocket.server.WebSocketServer,org.eclipse.californium.core.coap.Request,CLASS_1 is an abstract class that only takes care of the PROTOCOL_1 handshake portion of PROTOCOL_2.,"Request represents a PROTOCOL_1 request and has either the CLASS_1 CON or NON and one of the CLASS_2 GET, POST, PUT or DELETE.",server,send,0.6386263370513916
org.java_websocket.server.WebSocketServer,,CLASS_1 is an abstract class that only takes care of the PROTOCOL_1 handshake portion of PROTOCOL_2.,,server,send,-0.04337155073881149
org.java_websocket.server.WebSocketServer,org.apache.http.client.methods.HttpPost,CLASS_1 is an abstract class that only takes care of the PROTOCOL_1 handshake portion of PROTOCOL_2.,PROTOCOL_1 POST method.,server,send,0.5454092025756836
org.java_websocket.server.WebSocketServer,org.eclipse.paho.client.mqttv3.MqttMessage,CLASS_1 is an abstract class that only takes care of the PROTOCOL_1 handshake portion of PROTOCOL_2.,"An PROTOCOL_1 message holds the application payload and options specifying how the message is to be delivered The message includes a ""payload"" (the body of the message) represented as a CLASS_1.",server,send,0.7022640705108643
org.java_websocket.server.WebSocketServer,org.eclipse.paho.client.mqttv3.MqttMessage,CLASS_1 is an abstract class that only takes care of the PROTOCOL_1 handshake portion of PROTOCOL_2.,"An PROTOCOL_1 message holds the application payload and options specifying how the message is to be delivered The message includes a ""payload"" (the body of the message) represented as a CLASS_1.",server,send,0.7022640705108643
org.java_websocket.server.WebSocketServer,,CLASS_1 is an abstract class that only takes care of the PROTOCOL_1 handshake portion of PROTOCOL_2.,,server,send,-0.04337155073881149
org.java_websocket.server.WebSocketServer,javax.xml.soap.SOAPMessage,CLASS_1 is an abstract class that only takes care of the PROTOCOL_1 handshake portion of PROTOCOL_2.,"The root class for all PROTOCOL_1 messages. As transmitted on the ""wire"", a PROTOCOL_1 message is an XML document or a MIME message whose first body part is an XML/PROTOCOL_1 document.",server,send,0.6020784378051758
org.java_websocket.server.WebSocketServer,,CLASS_1 is an abstract class that only takes care of the PROTOCOL_1 handshake portion of PROTOCOL_2.,,server,send,-0.04337155073881149
org.eclipse.californium.core.coap.Request,org.eclipse.californium.core.coap.Request,"Request represents a PROTOCOL_1 request and has either the CLASS_1 CON or NON and one of the CLASS_2 GET, POST, PUT or DELETE.","Request represents a PROTOCOL_1 request and has either the CLASS_1 CON or NON and one of the CLASS_2 GET, POST, PUT or DELETE.",send,send,1.0000001192092896
org.eclipse.californium.core.coap.Request,,"Request represents a PROTOCOL_1 request and has either the CLASS_1 CON or NON and one of the CLASS_2 GET, POST, PUT or DELETE.",,send,send,0.024206817150115967
org.eclipse.californium.core.coap.Request,org.apache.http.client.methods.HttpPost,"Request represents a PROTOCOL_1 request and has either the CLASS_1 CON or NON and one of the CLASS_2 GET, POST, PUT or DELETE.",PROTOCOL_1 POST method.,send,send,0.7001380920410156
org.eclipse.californium.core.coap.Request,org.eclipse.paho.client.mqttv3.MqttMessage,"Request represents a PROTOCOL_1 request and has either the CLASS_1 CON or NON and one of the CLASS_2 GET, POST, PUT or DELETE.","An PROTOCOL_1 message holds the application payload and options specifying how the message is to be delivered The message includes a ""payload"" (the body of the message) represented as a CLASS_1.",send,send,0.689821183681488
org.eclipse.californium.core.coap.Request,org.eclipse.paho.client.mqttv3.MqttMessage,"Request represents a PROTOCOL_1 request and has either the CLASS_1 CON or NON and one of the CLASS_2 GET, POST, PUT or DELETE.","An PROTOCOL_1 message holds the application payload and options specifying how the message is to be delivered The message includes a ""payload"" (the body of the message) represented as a CLASS_1.",send,send,0.689821183681488
org.eclipse.californium.core.coap.Request,,"Request represents a PROTOCOL_1 request and has either the CLASS_1 CON or NON and one of the CLASS_2 GET, POST, PUT or DELETE.",,send,send,0.024206817150115967
org.eclipse.californium.core.coap.Request,javax.xml.soap.SOAPMessage,"Request represents a PROTOCOL_1 request and has either the CLASS_1 CON or NON and one of the CLASS_2 GET, POST, PUT or DELETE.","The root class for all PROTOCOL_1 messages. As transmitted on the ""wire"", a PROTOCOL_1 message is an XML document or a MIME message whose first body part is an XML/PROTOCOL_1 document.",send,send,0.5490481853485107
org.eclipse.californium.core.coap.Request,,"Request represents a PROTOCOL_1 request and has either the CLASS_1 CON or NON and one of the CLASS_2 GET, POST, PUT or DELETE.",,send,send,0.024206817150115967
org.eclipse.californium.core.coap.Request,,"Request represents a PROTOCOL_1 request and has either the CLASS_1 CON or NON and one of the CLASS_2 GET, POST, PUT or DELETE.",,send,send,0.024206817150115967
org.eclipse.californium.core.coap.Request,org.apache.http.client.methods.HttpPost,"Request represents a PROTOCOL_1 request and has either the CLASS_1 CON or NON and one of the CLASS_2 GET, POST, PUT or DELETE.",PROTOCOL_1 POST method.,send,send,0.7001380920410156
org.eclipse.californium.core.coap.Request,org.eclipse.paho.client.mqttv3.MqttMessage,"Request represents a PROTOCOL_1 request and has either the CLASS_1 CON or NON and one of the CLASS_2 GET, POST, PUT or DELETE.","An PROTOCOL_1 message holds the application payload and options specifying how the message is to be delivered The message includes a ""payload"" (the body of the message) represented as a CLASS_1.",send,send,0.689821183681488
org.eclipse.californium.core.coap.Request,org.eclipse.paho.client.mqttv3.MqttMessage,"Request represents a PROTOCOL_1 request and has either the CLASS_1 CON or NON and one of the CLASS_2 GET, POST, PUT or DELETE.","An PROTOCOL_1 message holds the application payload and options specifying how the message is to be delivered The message includes a ""payload"" (the body of the message) represented as a CLASS_1.",send,send,0.689821183681488
org.eclipse.californium.core.coap.Request,,"Request represents a PROTOCOL_1 request and has either the CLASS_1 CON or NON and one of the CLASS_2 GET, POST, PUT or DELETE.",,send,send,0.024206817150115967
org.eclipse.californium.core.coap.Request,javax.xml.soap.SOAPMessage,"Request represents a PROTOCOL_1 request and has either the CLASS_1 CON or NON and one of the CLASS_2 GET, POST, PUT or DELETE.","The root class for all PROTOCOL_1 messages. As transmitted on the ""wire"", a PROTOCOL_1 message is an XML document or a MIME message whose first body part is an XML/PROTOCOL_1 document.",send,send,0.5490481853485107
org.eclipse.californium.core.coap.Request,,"Request represents a PROTOCOL_1 request and has either the CLASS_1 CON or NON and one of the CLASS_2 GET, POST, PUT or DELETE.",,send,send,0.024206817150115967
,org.apache.http.client.methods.HttpPost,,PROTOCOL_1 POST method.,send,send,0.05501485988497734
,org.eclipse.paho.client.mqttv3.MqttMessage,,"An PROTOCOL_1 message holds the application payload and options specifying how the message is to be delivered The message includes a ""payload"" (the body of the message) represented as a CLASS_1.",send,send,0.030594345182180405
,org.eclipse.paho.client.mqttv3.MqttMessage,,"An PROTOCOL_1 message holds the application payload and options specifying how the message is to be delivered The message includes a ""payload"" (the body of the message) represented as a CLASS_1.",send,send,0.030594345182180405
,,,,send,send,0.9999998807907104
,javax.xml.soap.SOAPMessage,,"The root class for all PROTOCOL_1 messages. As transmitted on the ""wire"", a PROTOCOL_1 message is an XML document or a MIME message whose first body part is an XML/PROTOCOL_1 document.",send,send,0.03253006190061569
,,,,send,send,0.9999998807907104
org.apache.http.client.methods.HttpPost,org.eclipse.paho.client.mqttv3.MqttMessage,PROTOCOL_1 POST method.,"An PROTOCOL_1 message holds the application payload and options specifying how the message is to be delivered The message includes a ""payload"" (the body of the message) represented as a CLASS_1.",send,send,0.6418533325195312
org.apache.http.client.methods.HttpPost,org.eclipse.paho.client.mqttv3.MqttMessage,PROTOCOL_1 POST method.,"An PROTOCOL_1 message holds the application payload and options specifying how the message is to be delivered The message includes a ""payload"" (the body of the message) represented as a CLASS_1.",send,send,0.6418533325195312
org.apache.http.client.methods.HttpPost,,PROTOCOL_1 POST method.,,send,send,0.05501485988497734
org.apache.http.client.methods.HttpPost,javax.xml.soap.SOAPMessage,PROTOCOL_1 POST method.,"The root class for all PROTOCOL_1 messages. As transmitted on the ""wire"", a PROTOCOL_1 message is an XML document or a MIME message whose first body part is an XML/PROTOCOL_1 document.",send,send,0.5572999715805054
org.apache.http.client.methods.HttpPost,,PROTOCOL_1 POST method.,,send,send,0.05501485988497734
org.eclipse.paho.client.mqttv3.MqttMessage,org.eclipse.paho.client.mqttv3.MqttMessage,"An PROTOCOL_1 message holds the application payload and options specifying how the message is to be delivered The message includes a ""payload"" (the body of the message) represented as a CLASS_1.","An PROTOCOL_1 message holds the application payload and options specifying how the message is to be delivered The message includes a ""payload"" (the body of the message) represented as a CLASS_1.",send,send,1.0
org.eclipse.paho.client.mqttv3.MqttMessage,,"An PROTOCOL_1 message holds the application payload and options specifying how the message is to be delivered The message includes a ""payload"" (the body of the message) represented as a CLASS_1.",,send,send,0.030594345182180405
org.eclipse.paho.client.mqttv3.MqttMessage,javax.xml.soap.SOAPMessage,"An PROTOCOL_1 message holds the application payload and options specifying how the message is to be delivered The message includes a ""payload"" (the body of the message) represented as a CLASS_1.","The root class for all PROTOCOL_1 messages. As transmitted on the ""wire"", a PROTOCOL_1 message is an XML document or a MIME message whose first body part is an XML/PROTOCOL_1 document.",send,send,0.7905763983726501
org.eclipse.paho.client.mqttv3.MqttMessage,,"An PROTOCOL_1 message holds the application payload and options specifying how the message is to be delivered The message includes a ""payload"" (the body of the message) represented as a CLASS_1.",,send,send,0.030594345182180405
org.eclipse.paho.client.mqttv3.MqttMessage,,"An PROTOCOL_1 message holds the application payload and options specifying how the message is to be delivered The message includes a ""payload"" (the body of the message) represented as a CLASS_1.",,send,send,0.030594345182180405
org.eclipse.paho.client.mqttv3.MqttMessage,javax.xml.soap.SOAPMessage,"An PROTOCOL_1 message holds the application payload and options specifying how the message is to be delivered The message includes a ""payload"" (the body of the message) represented as a CLASS_1.","The root class for all PROTOCOL_1 messages. As transmitted on the ""wire"", a PROTOCOL_1 message is an XML document or a MIME message whose first body part is an XML/PROTOCOL_1 document.",send,send,0.7905763983726501
org.eclipse.paho.client.mqttv3.MqttMessage,,"An PROTOCOL_1 message holds the application payload and options specifying how the message is to be delivered The message includes a ""payload"" (the body of the message) represented as a CLASS_1.",,send,send,0.030594345182180405
,javax.xml.soap.SOAPMessage,,"The root class for all PROTOCOL_1 messages. As transmitted on the ""wire"", a PROTOCOL_1 message is an XML document or a MIME message whose first body part is an XML/PROTOCOL_1 document.",send,send,0.03253006190061569
,,,,send,send,0.9999998807907104
javax.xml.soap.SOAPMessage,,"The root class for all PROTOCOL_1 messages. As transmitted on the ""wire"", a PROTOCOL_1 message is an XML document or a MIME message whose first body part is an XML/PROTOCOL_1 document.",,send,send,0.03253006190061569
